archived,first_name,last_name,email,house
false,Abbigail,Lynch,abbigaillynch@fake.email,Team Kiwi
false,Abigale,Simonis,abigalesimonis@fake.email,Team Guava
false,Adalberto,Schinner,adalbertoschinner@fake.email,Team Dragonfruit
false,Adriel,Bogan,adrielbogan@fake.email,Team Guava
false,Adrienne,Pacocha,adriennepacocha@fake.email,Team Durian
false,Ahmad,Hoeger,ahmadhoeger@fake.email,Team Dragonfruit
false,Ahmad,Schuppe,ahmadschuppe@fake.email,Team Kiwi
false,Ahmed,Mante,ahmedmante@fake.email,Team Kiwi
false,Aidan,Kuhn,aidankuhn@fake.email,Team Durian
false,Alan,Simonis,alansimonis@fake.email,Team Durian
false,Alden,Wilkinson,aldenwilkinson@fake.email,Team Kiwi
false,Alek,Mueller,alekmueller@fake.email,Team Dragonfruit
false,Alex,Rempel,alexrempel@fake.email,Team Durian
false,Alexandria,Carter,alexandriacarter@fake.email,Team Guava
false,Alexanne,Veum,alexanneveum@fake.email,Team Dragonfruit
false,Alexie,White,alexiewhite@fake.email,Team Guava
false,Alfonso,Hessel,alfonsohessel@fake.email,Team Durian
false,Alfred,Pacocha,alfredpacocha@fake.email,Team Durian
false,Alivia,Schinner,aliviaschinner@fake.email,Team Kiwi
false,Alta,Haley,altahaley@fake.email,Team Kiwi
false,Alvera,Friesen,alverafriesen@fake.email,Team Dragonfruit
false,Alverta,Hirthe,alvertahirthe@fake.email,Team Kiwi
false,Alyce,Cartwright,alycecartwright@fake.email,Team Durian
false,Alycia,Gorczany,alyciagorczany@fake.email,Team Dragonfruit
false,Amaya,Tromp,amayatromp@fake.email,Team Kiwi
false,Amber,Dicki,amberdicki@fake.email,Team Durian
false,Amber,Stracke,amberstracke@fake.email,Team Kiwi
false,Amely,Goyette,amelygoyette@fake.email,Team Dragonfruit
false,Amie,Rau,amierau@fake.email,Team Dragonfruit
false,Amira,Wiegand,amirawiegand@fake.email,Team Kiwi
false,Ana,Deckow,anadeckow@fake.email,Team Guava
false,Anabel,Roob,anabelroob@fake.email,Team Guava
false,Anahi,Sauer,anahisauer@fake.email,Team Durian
false,Andrew,Huel,andrewhuel@fake.email,Team Dragonfruit
false,Angel,Ernser,angelernser@fake.email,Team Dragonfruit
false,Anjali,Kiehn,anjalikiehn@fake.email,Team Guava
false,Annetta,Lesch,annettalesch@fake.email,Team Durian
false,Ansel,Emmerich,anselemmerich@fake.email,Team Kiwi
false,Ari,Adams,ariadams@fake.email,Team Guava
false,Arianna,Funk,ariannafunk@fake.email,Team Dragonfruit
false,Ariel,White,arielwhite@fake.email,Team Guava
false,Arlo,Stoltenberg,arlostoltenberg@fake.email,Team Durian
false,Armani,Lynch,armanilynch@fake.email,Team Dragonfruit
false,Arno,Blick,arnoblick@fake.email,Team Guava
false,Arvel,Romaguera,arvelromaguera@fake.email,Team Dragonfruit
false,Arvid,Wiegand,arvidwiegand@fake.email,Team Dragonfruit
false,Ashlee,Goyette,ashleegoyette@fake.email,Team Guava
false,Ashley,Rath,ashleyrath@fake.email,Team Guava
false,Aubree,Torphy,aubreetorphy@fake.email,Team Durian
false,Augustus,Gutmann,augustusgutmann@fake.email,Team Durian
false,Aurelio,Cronin,aureliocronin@fake.email,Team Kiwi
false,Austyn,Cruickshank,austyncruickshank@fake.email,Team Guava
false,Austyn,Johnston,austynjohnston@fake.email,Team Durian
false,Autumn,Wolf,autumnwolf@fake.email,Team Kiwi
false,Axel,Wilkinson,axelwilkinson@fake.email,Team Kiwi
false,Bernhard,Parisian,bernhardparisian@fake.email,Team Dragonfruit
false,Bette,Harris,betteharris@fake.email,Team Dragonfruit
false,Bette,Lesch,bettelesch@fake.email,Team Guava
false,Bettie,Hessel,bettiehessel@fake.email,Team Guava
false,Beulah,Herzog,beulahherzog@fake.email,Team Guava
false,Bill,Veum,billveum@fake.email,Team Durian
false,Bill,Walker,billwalker@fake.email,Team Guava
false,Billie,Lang,billielang@fake.email,Team Kiwi
false,Blair,Reinger,blairreinger@fake.email,Team Dragonfruit
false,Blaise,Predovic,blaisepredovic@fake.email,Team Durian
false,Boyd,Muller,boydmuller@fake.email,Team Durian
false,Brannon,Lesch,brannonlesch@fake.email,Team Kiwi
false,Branson,Stracke,bransonstracke@fake.email,Team Dragonfruit
false,Braulio,Runolfsson,brauliorunolfsson@fake.email,Team Kiwi
false,Brayan,Mraz,brayanmraz@fake.email,Team Dragonfruit
false,Breana,Casper,breanacasper@fake.email,Team Dragonfruit
false,Brendon,Casper,brendoncasper@fake.email,Team Kiwi
false,Brenna,Schmeler,brennaschmeler@fake.email,Team Kiwi
false,Bridgette,Yundt,bridgetteyundt@fake.email,Team Guava
false,Bridie,Gorczany,bridiegorczany@fake.email,Team Dragonfruit
false,Britney,Haley,britneyhaley@fake.email,Team Durian
false,Brittany,Abbott,brittanyabbott@fake.email,Team Guava
false,Broderick,Witting,broderickwitting@fake.email,Team Kiwi
false,Brook,Schmeler,brookschmeler@fake.email,Team Kiwi
false,Brook,Strosin,brookstrosin@fake.email,Team Guava
false,Bruce,Altenwerth,brucealtenwerth@fake.email,Team Dragonfruit
false,Caesar,Jenkins,caesarjenkins@fake.email,Team Guava
false,Caleigh,Predovic,caleighpredovic@fake.email,Team Durian
false,Cali,Zboncak,calizboncak@fake.email,Team Guava
false,Cameron,Cronin,cameroncronin@fake.email,Team Durian
false,Camron,Kuphal,camronkuphal@fake.email,Team Durian
false,Candice,Botsford,candicebotsford@fake.email,Team Durian
false,Carmella,Simonis,carmellasimonis@fake.email,Team Durian
false,Carol,Murphy,carolmurphy@fake.email,Team Kiwi
false,Carolyn,Anderson,carolynanderson@fake.email,Team Durian
false,Carolyne,Tillman,carolynetillman@fake.email,Team Guava
false,Cassie,Kozey,cassiekozey@fake.email,Team Dragonfruit
false,Ceasar,Toy,ceasartoy@fake.email,Team Dragonfruit
false,Cecilia,Schultz,ceciliaschultz@fake.email,Team Kiwi
false,Charlene,Ziemann,charleneziemann@fake.email,Team Kiwi
false,Chaz,Nitzsche,chaznitzsche@fake.email,Team Guava
false,Chelsey,Vandervort,chelseyvandervort@fake.email,Team Durian
false,Christy,Jenkins,christyjenkins@fake.email,Team Kiwi
false,Chyna,Wilderman,chynawilderman@fake.email,Team Durian
false,Clarissa,Greenfelder,clarissagreenfelder@fake.email,Team Kiwi
false,Claudine,Goyette,claudinegoyette@fake.email,Team Dragonfruit
false,Claudine,Quitzon,claudinequitzon@fake.email,Team Dragonfruit
false,Clement,Harvey,clementharvey@fake.email,Team Guava
false,Cletus,Murray,cletusmurray@fake.email,Team Dragonfruit
false,Cleveland,Kuhic,clevelandkuhic@fake.email,Team Kiwi
false,Clifton,Denesik,cliftondenesik@fake.email,Team Guava
false,Coby,Schamberger,cobyschamberger@fake.email,Team Guava
false,Connor,Marquardt,connormarquardt@fake.email,Team Dragonfruit
false,Cristobal,Fahey,cristobalfahey@fake.email,Team Guava
false,Curtis,Auer,curtisauer@fake.email,Team Kiwi
false,Cydney,Leannon,cydneyleannon@fake.email,Team Durian
false,Cydney,McGlynn,cydneymcglynn@fake.email,Team Guava
false,Dante,Donnelly,dantedonnelly@fake.email,Team Dragonfruit
false,Dario,Greenholt,dariogreenholt@fake.email,Team Guava
false,Darrick,Hodkiewicz,darrickhodkiewicz@fake.email,Team Durian
false,Darrin,McClure,darrinmcclure@fake.email,Team Kiwi
false,Daryl,Dickens,daryldickens@fake.email,Team Durian
false,Dashawn,Kunze,dashawnkunze@fake.email,Team Durian
false,Dave,Rempel,daverempel@fake.email,Team Kiwi
false,Davon,Boehm,davonboehm@fake.email,Team Durian
false,Deangelo,Boehm,deangeloboehm@fake.email,Team Dragonfruit
false,Dejah,Batz,dejahbatz@fake.email,Team Durian
false,Demetris,Daniel,demetrisdaniel@fake.email,Team Guava
false,Derek,Hane,derekhane@fake.email,Team Dragonfruit
false,Deron,Russel,deronrussel@fake.email,Team Durian
false,Deshawn,Wisoky,deshawnwisoky@fake.email,Team Guava
false,Dessie,Kemmer,dessiekemmer@fake.email,Team Dragonfruit
false,Destin,Donnelly,destindonnelly@fake.email,Team Kiwi
false,Devonte,Hettinger,devontehettinger@fake.email,Team Kiwi
false,Dewitt,Roob,dewittroob@fake.email,Team Kiwi
false,Dianna,Reinger,diannareinger@fake.email,Team Durian
false,Domenic,Wunsch,domenicwunsch@fake.email,Team Durian
false,Domenica,Boehm,domenicaboehm@fake.email,Team Kiwi
false,Dominic,Douglas,dominicdouglas@fake.email,Team Kiwi
false,Donald,Veum,donaldveum@fake.email,Team Kiwi
false,Dorian,Macejkovic,dorianmacejkovic@fake.email,Team Dragonfruit
false,Dovie,Moen,doviemoen@fake.email,Team Kiwi
false,Doyle,Rowe,doylerowe@fake.email,Team Dragonfruit
false,Dulce,Hettinger,dulcehettinger@fake.email,Team Dragonfruit
false,Earline,Batz,earlinebatz@fake.email,Team Kiwi
false,Ebba,Heaney,ebbaheaney@fake.email,Team Guava
false,Ebba,Pagac,ebbapagac@fake.email,Team Dragonfruit
false,Edd,Douglas,edddouglas@fake.email,Team Guava
false,Edmund,Luettgen,edmundluettgen@fake.email,Team Durian
false,Edyth,Johnson,edythjohnson@fake.email,Team Guava
false,Efren,Wisozk,efrenwisozk@fake.email,Team Kiwi
false,Einar,VonRueden,einarvonrueden@fake.email,Team Dragonfruit
false,Eino,Treutel,einotreutel@fake.email,Team Durian
false,Eino,Wolff,einowolff@fake.email,Team Guava
false,Elaina,Ferry,elainaferry@fake.email,Team Durian
false,Elena,Bartell,elenabartell@fake.email,Team Durian
false,Elfrieda,Stracke,elfriedastracke@fake.email,Team Dragonfruit
false,Elijah,Conroy,elijahconroy@fake.email,Team Kiwi
false,Elijah,Powlowski,elijahpowlowski@fake.email,Team Guava
false,Eliseo,Durgan,eliseodurgan@fake.email,Team Durian
false,Ella,Auer,ellaauer@fake.email,Team Dragonfruit
false,Elliott,Schinner,elliottschinner@fake.email,Team Dragonfruit
false,Elmore,Schaefer,elmoreschaefer@fake.email,Team Guava
false,Elmore,Windler,elmorewindler@fake.email,Team Kiwi
false,Elta,Crist,eltacrist@fake.email,Team Durian
false,Elvie,Gleichner,elviegleichner@fake.email,Team Guava
false,Emery,Braun,emerybraun@fake.email,Team Guava
false,Emil,White,emilwhite@fake.email,Team Guava
false,Emilia,Blick,emiliablick@fake.email,Team Dragonfruit
false,Emily,Dach,emilydach@fake.email,Team Durian
false,Eric,Jast,ericjast@fake.email,Team Kiwi
false,Erica,Gerhold,ericagerhold@fake.email,Team Dragonfruit
false,Erica,Leannon,ericaleannon@fake.email,Team Dragonfruit
false,Erica,Mraz,ericamraz@fake.email,Team Durian
false,Ernestina,Murray,ernestinamurray@fake.email,Team Guava
false,Esperanza,Prosacco,esperanzaprosacco@fake.email,Team Kiwi
false,Estell,Daugherty,estelldaugherty@fake.email,Team Guava
false,Ethan,Jenkins,ethanjenkins@fake.email,Team Kiwi
false,Euna,Predovic,eunapredovic@fake.email,Team Dragonfruit
false,Eve,Schamberger,eveschamberger@fake.email,Team Durian
false,Evelyn,Heathcote,evelynheathcote@fake.email,Team Guava
false,Evelyn,Quitzon,evelynquitzon@fake.email,Team Kiwi
false,Everette,Rosenbaum,everetterosenbaum@fake.email,Team Durian
false,Evie,Carter,eviecarter@fake.email,Team Guava
false,Ezra,Mosciski,ezramosciski@fake.email,Team Dragonfruit
false,Fabiola,Marquardt,fabiolamarquardt@fake.email,Team Guava
false,Felicity,Purdy,felicitypurdy@fake.email,Team Guava
false,Felipa,Hagenes,felipahagenes@fake.email,Team Kiwi
false,Felton,Cartwright,feltoncartwright@fake.email,Team Durian
false,Fern,Simonis,fernsimonis@fake.email,Team Durian
false,Ferne,Kozey,fernekozey@fake.email,Team Durian
false,Fletcher,Sawayn,fletchersawayn@fake.email,Team Dragonfruit
false,Florencio,Walker,florenciowalker@fake.email,Team Dragonfruit
false,Flossie,Schumm,flossieschumm@fake.email,Team Guava
false,Forrest,Feest,forrestfeest@fake.email,Team Kiwi
false,Forrest,Hettinger,forresthettinger@fake.email,Team Guava
false,Frances,Hamill,franceshamill@fake.email,Team Durian
false,Fred,Muller,fredmuller@fake.email,Team Kiwi
false,Freeman,Haag,freemanhaag@fake.email,Team Dragonfruit
false,Fritz,Ullrich,fritzullrich@fake.email,Team Kiwi
false,Gabe,Russel,gaberussel@fake.email,Team Durian
false,Gabrielle,King,gabrielleking@fake.email,Team Guava
false,Garth,Skiles,garthskiles@fake.email,Team Durian
false,Gavin,Wilderman,gavinwilderman@fake.email,Team Kiwi
false,Gayle,Blick,gayleblick@fake.email,Team Durian
false,Genoveva,Windler,genovevawindler@fake.email,Team Kiwi
false,Gilbert,Kub,gilbertkub@fake.email,Team Dragonfruit
false,Gina,Crooks,ginacrooks@fake.email,Team Kiwi
false,Giovani,Windler,giovaniwindler@fake.email,Team Dragonfruit
false,Giovanni,Sporer,giovannisporer@fake.email,Team Dragonfruit
false,Gracie,Kemmer,graciekemmer@fake.email,Team Durian
false,Grady,Cummings,gradycummings@fake.email,Team Guava
false,Grady,Greenfelder,gradygreenfelder@fake.email,Team Dragonfruit
false,Granville,Hansen,granvillehansen@fake.email,Team Durian
false,Gregorio,Jaskolski,gregoriojaskolski@fake.email,Team Guava
false,Greyson,Paucek,greysonpaucek@fake.email,Team Guava
false,Gudrun,Mueller,gudrunmueller@fake.email,Team Kiwi
false,Guiseppe,Roberts,guisepperoberts@fake.email,Team Kiwi
false,Gus,Davis,gusdavis@fake.email,Team Dragonfruit
false,Harold,Kassulke,haroldkassulke@fake.email,Team Kiwi
false,Haskell,Muller,haskellmuller@fake.email,Team Dragonfruit
false,Henriette,OConnell,henrietteoconnell@fake.email,Team Guava
false,Hermina,Schowalter,herminaschowalter@fake.email,Team Guava
false,Hershel,Haag,hershelhaag@fake.email,Team Durian
false,Hilbert,Hilpert,hilberthilpert@fake.email,Team Durian
false,Hobart,Wolff,hobartwolff@fake.email,Team Kiwi
false,Hollie,Stokes,holliestokes@fake.email,Team Kiwi
false,Hollis,Murazik,hollismurazik@fake.email,Team Durian
false,Howell,Kohler,howellkohler@fake.email,Team Kiwi
false,Hulda,Hartmann,huldahartmann@fake.email,Team Guava
false,Idella,Kris,idellakris@fake.email,Team Dragonfruit
false,Ignacio,Thiel,ignaciothiel@fake.email,Team Kiwi
false,Ignatius,Pollich,ignatiuspollich@fake.email,Team Durian
false,Ike,Wiegand,ikewiegand@fake.email,Team Durian
false,Isaac,Mueller,isaacmueller@fake.email,Team Kiwi
false,Isaac,Roob,isaacroob@fake.email,Team Dragonfruit
false,Issac,Wisozk,issacwisozk@fake.email,Team Dragonfruit
false,Ivah,Deckow,ivahdeckow@fake.email,Team Dragonfruit
false,Ivy,Wehner,ivywehner@fake.email,Team Dragonfruit
false,Jace,Nitzsche,jacenitzsche@fake.email,Team Dragonfruit
false,Jade,Anderson,jadeanderson@fake.email,Team Guava
false,Jadon,Bartoletti,jadonbartoletti@fake.email,Team Guava
false,Jaeden,Dach,jaedendach@fake.email,Team Guava
false,Jake,Hahn,jakehahn@fake.email,Team Durian
false,Jamey,Hermiston,jameyhermiston@fake.email,Team Dragonfruit
false,Jamie,Pfeffer,jamiepfeffer@fake.email,Team Guava
false,Jamil,Cronin,jamilcronin@fake.email,Team Durian
false,Janessa,Klein,janessaklein@fake.email,Team Kiwi
false,Janice,Kunde,janicekunde@fake.email,Team Kiwi
false,Jaren,Crooks,jarencrooks@fake.email,Team Guava
false,Jarrod,Lindgren,jarrodlindgren@fake.email,Team Dragonfruit
false,Jayce,Cummings,jaycecummings@fake.email,Team Guava
false,Jayda,White,jaydawhite@fake.email,Team Kiwi
false,Jaylin,Friesen,jaylinfriesen@fake.email,Team Dragonfruit
false,Jaylon,Crooks,jayloncrooks@fake.email,Team Durian
false,Jeffrey,Wisozk,jeffreywisozk@fake.email,Team Dragonfruit
false,Jeffry,Schneider,jeffryschneider@fake.email,Team Kiwi
false,Jennings,McKenzie,jenningsmckenzie@fake.email,Team Dragonfruit
false,Jermey,Bosco,jermeybosco@fake.email,Team Guava
false,Jeromy,Schultz,jeromyschultz@fake.email,Team Durian
false,Jessie,Bechtelar,jessiebechtelar@fake.email,Team Durian
false,Jocelyn,Armstrong,jocelynarmstrong@fake.email,Team Kiwi
false,Johnny,Farrell,johnnyfarrell@fake.email,Team Dragonfruit
false,Johnson,Stracke,johnsonstracke@fake.email,Team Guava
false,Jonathon,Nicolas,jonathonnicolas@fake.email,Team Guava
false,Jordane,Stiedemann,jordanestiedemann@fake.email,Team Guava
false,Jordon,Mohr,jordonmohr@fake.email,Team Kiwi
false,Jordy,Auer,jordyauer@fake.email,Team Durian
false,Jorge,Lynch,jorgelynch@fake.email,Team Dragonfruit
false,Jose,Zboncak,josezboncak@fake.email,Team Durian
false,Josefina,Roob,josefinaroob@fake.email,Team Durian
false,Joshua,Bins,joshuabins@fake.email,Team Kiwi
false,Joshua,Glover,joshuaglover@fake.email,Team Kiwi
false,Joshua,Williamson,joshuawilliamson@fake.email,Team Kiwi
false,Julius,Lebsack,juliuslebsack@fake.email,Team Guava
false,Justina,Jacobson,justinajacobson@fake.email,Team Kiwi
false,Juston,Wisozk,justonwisozk@fake.email,Team Guava
false,Kacie,Adams,kacieadams@fake.email,Team Dragonfruit
false,Kacie,Kshlerin,kaciekshlerin@fake.email,Team Durian
false,Kade,Windler,kadewindler@fake.email,Team Dragonfruit
false,Kaia,Lakin,kaialakin@fake.email,Team Dragonfruit
false,Kailey,Feeney,kaileyfeeney@fake.email,Team Durian
false,Kailyn,Marquardt,kailynmarquardt@fake.email,Team Kiwi
false,Kane,Ryan,kaneryan@fake.email,Team Dragonfruit
false,Kara,Stokes,karastokes@fake.email,Team Dragonfruit
false,Karl,Connelly,karlconnelly@fake.email,Team Dragonfruit
false,Katelin,Russel,katelinrussel@fake.email,Team Dragonfruit
false,Katlynn,Gleason,katlynngleason@fake.email,Team Guava
false,Keagan,Reilly,keaganreilly@fake.email,Team Durian
false,Keely,Kessler,keelykessler@fake.email,Team Guava
false,Keith,Harvey,keithharvey@fake.email,Team Durian
false,Kelton,Hodkiewicz,keltonhodkiewicz@fake.email,Team Kiwi
false,Keshaun,Baumbach,keshaunbaumbach@fake.email,Team Guava
false,Keven,Leannon,kevenleannon@fake.email,Team Dragonfruit
false,Keyon,VonRueden,keyonvonrueden@fake.email,Team Guava
false,Kirsten,Turner,kirstenturner@fake.email,Team Kiwi
false,Kobe,Aufderhar,kobeaufderhar@fake.email,Team Dragonfruit
false,Kole,McKenzie,kolemckenzie@fake.email,Team Durian
false,Kristopher,West,kristopherwest@fake.email,Team Guava
false,Krystal,Ledner,krystalledner@fake.email,Team Guava
false,Kurtis,Kozey,kurtiskozey@fake.email,Team Dragonfruit
false,Kyra,Friesen,kyrafriesen@fake.email,Team Durian
false,Lauren,Larkin,laurenlarkin@fake.email,Team Durian
false,Laurine,Heidenreich,laurineheidenreich@fake.email,Team Durian
false,Laury,Lind,laurylind@fake.email,Team Guava
false,Lea,Rau,learau@fake.email,Team Guava
false,Leann,Leannon,leannleannon@fake.email,Team Guava
false,Leila,Tillman,leilatillman@fake.email,Team Guava
false,Lennie,Schaefer,lennieschaefer@fake.email,Team Kiwi
false,Leola,Zboncak,leolazboncak@fake.email,Team Durian
false,Leopoldo,Considine,leopoldoconsidine@fake.email,Team Dragonfruit
false,Lessie,Grimes,lessiegrimes@fake.email,Team Guava
false,Lexie,Moore,lexiemoore@fake.email,Team Durian
false,Lexus,Ebert,lexusebert@fake.email,Team Kiwi
false,Libby,Medhurst,libbymedhurst@fake.email,Team Dragonfruit
false,Lola,Rempel,lolarempel@fake.email,Team Kiwi
false,Lolita,Will,lolitawill@fake.email,Team Durian
false,Lonie,Hessel,loniehessel@fake.email,Team Guava
false,Lonnie,Cronin,lonniecronin@fake.email,Team Kiwi
false,Lora,Frami,loraframi@fake.email,Team Durian
false,Lora,Hartmann,lorahartmann@fake.email,Team Durian
false,Lorenzo,Champlin,lorenzochamplin@fake.email,Team Dragonfruit
false,Lori,Fisher,lorifisher@fake.email,Team Dragonfruit
false,Loyce,Friesen,loycefriesen@fake.email,Team Dragonfruit
false,Loyce,Kunze,loycekunze@fake.email,Team Guava
false,Lucile,Hodkiewicz,lucilehodkiewicz@fake.email,Team Guava
false,Luz,Auer,luzauer@fake.email,Team Kiwi
false,Mabel,Sanford,mabelsanford@fake.email,Team Durian
false,Macie,Welch,maciewelch@fake.email,Team Dragonfruit
false,Madie,Gottlieb,madiegottlieb@fake.email,Team Guava
false,Maegan,Bergnaum,maeganbergnaum@fake.email,Team Kiwi
false,Maeve,Muller,maevemuller@fake.email,Team Guava
false,Maggie,Breitenberg,maggiebreitenberg@fake.email,Team Durian
false,Makenna,Streich,makennastreich@fake.email,Team Durian
false,Marcel,Jast,marceljast@fake.email,Team Durian
false,Marcelino,Daugherty,marcelinodaugherty@fake.email,Team Guava
false,Marcella,Armstrong,marcellaarmstrong@fake.email,Team Kiwi
false,Marcos,Halvorson,marcoshalvorson@fake.email,Team Durian
false,Margaretta,Larson,margarettalarson@fake.email,Team Durian
false,Margaretta,Strosin,margarettastrosin@fake.email,Team Dragonfruit
false,Marge,Stamm,margestamm@fake.email,Team Kiwi
false,Margot,Schuppe,margotschuppe@fake.email,Team Kiwi
false,Marguerite,Langworth,margueritelangworth@fake.email,Team Kiwi
false,Mariam,Bogan,mariambogan@fake.email,Team Kiwi
false,Mariela,Walker,marielawalker@fake.email,Team Guava
false,Mario,Barton,mariobarton@fake.email,Team Kiwi
false,Marlin,Harber,marlinharber@fake.email,Team Durian
false,Marlon,Abernathy,marlonabernathy@fake.email,Team Dragonfruit
false,Martina,Jacobs,martinajacobs@fake.email,Team Durian
false,Maurice,Muller,mauricemuller@fake.email,Team Kiwi
false,Mavis,Hudson,mavishudson@fake.email,Team Guava
false,Maximo,Medhurst,maximomedhurst@fake.email,Team Dragonfruit
false,Maye,Bruen,mayebruen@fake.email,Team Guava
false,Maymie,Mohr,maymiemohr@fake.email,Team Dragonfruit
false,Mckenna,Harvey,mckennaharvey@fake.email,Team Dragonfruit
false,Meredith,Daniel,meredithdaniel@fake.email,Team Guava
false,Merritt,McClure,merrittmcclure@fake.email,Team Durian
false,Meta,Farrell,metafarrell@fake.email,Team Durian
false,Miles,Kessler,mileskessler@fake.email,Team Durian
false,Miller,Walsh,millerwalsh@fake.email,Team Kiwi
false,Misty,Greenfelder,mistygreenfelder@fake.email,Team Kiwi
false,Mollie,Conroy,mollieconroy@fake.email,Team Dragonfruit
false,Monserrat,Medhurst,monserratmedhurst@fake.email,Team Dragonfruit
false,Monte,Larkin,montelarkin@fake.email,Team Guava
false,Morgan,Corkery,morgancorkery@fake.email,Team Guava
false,Mortimer,Moen,mortimermoen@fake.email,Team Durian
false,Mortimer,Rice,mortimerrice@fake.email,Team Kiwi
false,Mose,Olson,moseolson@fake.email,Team Kiwi
false,Moses,Hamill,moseshamill@fake.email,Team Dragonfruit
false,Muriel,Larkin,muriellarkin@fake.email,Team Kiwi
false,Mya,Feeney,myafeeney@fake.email,Team Kiwi
false,Myah,Glover,myahglover@fake.email,Team Kiwi
false,Myrtle,Cruickshank,myrtlecruickshank@fake.email,Team Dragonfruit
false,Naomie,Casper,naomiecasper@fake.email,Team Kiwi
false,Nat,Jast,natjast@fake.email,Team Durian
false,Nels,White,nelswhite@fake.email,Team Durian
false,Nelson,Schowalter,nelsonschowalter@fake.email,Team Guava
false,Neva,Goyette,nevagoyette@fake.email,Team Durian
false,Nicola,Abshire,nicolaabshire@fake.email,Team Guava
false,Nicola,Lang,nicolalang@fake.email,Team Kiwi
false,Nicole,Farrell,nicolefarrell@fake.email,Team Kiwi
false,Niko,Daugherty,nikodaugherty@fake.email,Team Dragonfruit
false,Nils,Kemmer,nilskemmer@fake.email,Team Guava
false,Nils,Rosenbaum,nilsrosenbaum@fake.email,Team Dragonfruit
false,Nina,Rolfson,ninarolfson@fake.email,Team Durian
false,Nona,Donnelly,nonadonnelly@fake.email,Team Dragonfruit
false,Nyasia,Howell,nyasiahowell@fake.email,Team Dragonfruit
false,Oceane,Greenfelder,oceanegreenfelder@fake.email,Team Dragonfruit
false,Okey,Oberbrunner,okeyoberbrunner@fake.email,Team Kiwi
false,Okey,Shields,okeyshields@fake.email,Team Dragonfruit
false,Olen,Marquardt,olenmarquardt@fake.email,Team Kiwi
false,Oliver,Will,oliverwill@fake.email,Team Durian
false,Onie,Conroy,onieconroy@fake.email,Team Kiwi
false,Orion,Johnston,orionjohnston@fake.email,Team Dragonfruit
false,Otilia,Gaylord,otiliagaylord@fake.email,Team Dragonfruit
false,Ottilie,Medhurst,ottiliemedhurst@fake.email,Team Kiwi
false,Owen,Halvorson,owenhalvorson@fake.email,Team Guava
false,Owen,McLaughlin,owenmclaughlin@fake.email,Team Dragonfruit
false,Pansy,Kunde,pansykunde@fake.email,Team Guava
false,Patience,Rath,patiencerath@fake.email,Team Durian
false,Perry,Mueller,perrymueller@fake.email,Team Durian
false,Quinten,Lind,quintenlind@fake.email,Team Guava
false,Rachael,Klein,rachaelklein@fake.email,Team Durian
false,Rachel,Wehner,rachelwehner@fake.email,Team Durian
false,Ramon,Murray,ramonmurray@fake.email,Team Dragonfruit
false,Reuben,Hodkiewicz,reubenhodkiewicz@fake.email,Team Kiwi
false,Reyes,Hamill,reyeshamill@fake.email,Team Guava
false,Rhoda,Hansen,rhodahansen@fake.email,Team Guava
false,Ricardo,Oberbrunner,ricardooberbrunner@fake.email,Team Dragonfruit
false,River,Gorczany,rivergorczany@fake.email,Team Kiwi
false,Roberto,Hirthe,robertohirthe@fake.email,Team Kiwi
false,Rocio,Kautzer,rociokautzer@fake.email,Team Dragonfruit
false,Rocky,Fadel,rockyfadel@fake.email,Team Guava
false,Rodolfo,Lehner,rodolfolehner@fake.email,Team Guava
false,Roger,Block,rogerblock@fake.email,Team Kiwi
false,Roger,Mohr,rogermohr@fake.email,Team Durian
false,Rosalia,Mante,rosaliamante@fake.email,Team Guava
false,Rosamond,Carroll,rosamondcarroll@fake.email,Team Guava
false,Rosamond,Kessler,rosamondkessler@fake.email,Team Dragonfruit
false,Roscoe,Wilkinson,roscoewilkinson@fake.email,Team Dragonfruit
false,Rosemarie,Bartell,rosemariebartell@fake.email,Team Guava
false,Roslyn,Gutkowski,roslyngutkowski@fake.email,Team Durian
false,Rossie,Zieme,rossiezieme@fake.email,Team Durian
false,Ruben,Carter,rubencarter@fake.email,Team Guava
false,Rubye,Macejkovic,rubyemacejkovic@fake.email,Team Guava
false,Rupert,Hane,ruperthane@fake.email,Team Kiwi
false,Ruthe,Skiles,rutheskiles@fake.email,Team Dragonfruit
false,Ryann,Champlin,ryannchamplin@fake.email,Team Guava
false,Rylee,Gusikowski,ryleegusikowski@fake.email,Team Durian
false,Rylee,Hartmann,ryleehartmann@fake.email,Team Kiwi
false,Samantha,Block,samanthablock@fake.email,Team Durian
false,Samara,Shields,samarashields@fake.email,Team Kiwi
false,Sandra,Bednar,sandrabednar@fake.email,Team Kiwi
false,Sandy,Casper,sandycasper@fake.email,Team Guava
false,Sarai,Sawayn,saraisawayn@fake.email,Team Durian
false,Savanna,Connelly,savannaconnelly@fake.email,Team Dragonfruit
false,Scarlett,Grady,scarlettgrady@fake.email,Team Dragonfruit
false,Sebastian,Rath,sebastianrath@fake.email,Team Kiwi
false,Sebastian,Schaefer,sebastianschaefer@fake.email,Team Kiwi
false,Selena,Haag,selenahaag@fake.email,Team Guava
false,Shaylee,Boehm,shayleeboehm@fake.email,Team Dragonfruit
false,Sigurd,Reilly,sigurdreilly@fake.email,Team Durian
false,Sonny,Daniel,sonnydaniel@fake.email,Team Durian
false,Sonny,Donnelly,sonnydonnelly@fake.email,Team Kiwi
false,Stan,Murphy,stanmurphy@fake.email,Team Guava
false,Stella,Emmerich,stellaemmerich@fake.email,Team Kiwi
false,Stewart,DAmore,stewartdamore@fake.email,Team Dragonfruit
false,Susana,Mueller,susanamueller@fake.email,Team Dragonfruit
false,Sydni,Shields,sydnishields@fake.email,Team Guava
false,Tamara,Mueller,tamaramueller@fake.email,Team Durian
false,Tavares,Witting,tavareswitting@fake.email,Team Durian
false,Terrence,Yundt,terrenceyundt@fake.email,Team Guava
false,Terry,Brown,terrybrown@fake.email,Team Guava
false,Tess,Fadel,tessfadel@fake.email,Team Durian
false,Tessie,Mills,tessiemills@fake.email,Team Durian
false,Thea,Frami,theaframi@fake.email,Team Dragonfruit
false,Thea,Marks,theamarks@fake.email,Team Durian
false,Toby,Howell,tobyhowell@fake.email,Team Durian
false,Tod,Legros,todlegros@fake.email,Team Dragonfruit
false,Tom,Bednar,tombednar@fake.email,Team Dragonfruit
false,Tomas,Langosh,tomaslangosh@fake.email,Team Durian
false,Torey,Glover,toreyglover@fake.email,Team Dragonfruit
false,Torey,Mueller,toreymueller@fake.email,Team Kiwi
false,Torrance,Kris,torrancekris@fake.email,Team Guava
false,Trudie,Jerde,trudiejerde@fake.email,Team Kiwi
false,Trycia,Klocko,tryciaklocko@fake.email,Team Kiwi
false,Trystan,Weimann,trystanweimann@fake.email,Team Kiwi
false,Tyra,OConnell,tyraoconnell@fake.email,Team Kiwi
false,Tyree,Nolan,tyreenolan@fake.email,Team Dragonfruit
false,Tyrel,Hartmann,tyrelhartmann@fake.email,Team Guava
false,Tyson,Lebsack,tysonlebsack@fake.email,Team Dragonfruit
false,Uriah,Dach,uriahdach@fake.email,Team Dragonfruit
false,Uriel,Kling,urielkling@fake.email,Team Kiwi
false,Vance,Keeling,vancekeeling@fake.email,Team Guava
false,Vaughn,Wiza,vaughnwiza@fake.email,Team Durian
false,Verner,Leannon,vernerleannon@fake.email,Team Dragonfruit
false,Vernice,Zulauf,vernicezulauf@fake.email,Team Durian
false,Vida,Dicki,vidadicki@fake.email,Team Kiwi
false,Violet,Runolfsdottir,violetrunolfsdottir@fake.email,Team Dragonfruit
false,Werner,Cummerata,wernercummerata@fake.email,Team Guava
false,Wiley,Little,wileylittle@fake.email,Team Dragonfruit
false,Willard,Halvorson,willardhalvorson@fake.email,Team Guava
false,Willie,Lind,willielind@fake.email,Team Durian
false,Xander,Lynch,xanderlynch@fake.email,Team Durian
false,Yasmin,Towne,yasmintowne@fake.email,Team Dragonfruit
false,Zakary,Cronin,zakarycronin@fake.email,Team Dragonfruit
false,Zoie,Armstrong,zoiearmstrong@fake.email,Team Durian
false,Zoila,Hoppe,zoilahoppe@fake.email,Team Durian
true,Addie,Swaniawski,addieswaniawski@fake.email,Team Kiwi
true,Aidan,Weissnat,aidanweissnat@fake.email,Team Durian
true,Alek,Dibbert,alekdibbert@fake.email,Team Kiwi
true,Alexandra,Rutherford,alexandrarutherford@fake.email,Team Dragonfruit
true,Allene,Pfeffer,allenepfeffer@fake.email,Team Guava
true,Amir,Olson,amirolson@fake.email,Team Durian
true,Ara,Lind,aralind@fake.email,Team Kiwi
true,Bethany,Weimann,bethanyweimann@fake.email,Team Dragonfruit
true,Camille,Morissette,camillemorissette@fake.email,Team Guava
true,Caroline,Zieme,carolinezieme@fake.email,Team Durian
true,Carolyn,Kuhn,carolynkuhn@fake.email,Team Kiwi
true,Catharine,Fay,catharinefay@fake.email,Team Dragonfruit
true,Clement,Flatley,clementflatley@fake.email,Team Guava
true,Coleman,Smith,colemansmith@fake.email,Team Durian
true,Cora,Collins,coracollins@fake.email,Team Kiwi
true,Devyn,Carter,devyncarter@fake.email,Team Dragonfruit
true,Drew,Roob,drewroob@fake.email,Team Guava
true,Hassan,Okuneva,hassanokuneva@fake.email,Team Durian
true,Heloise,Veum,heloiseveum@fake.email,Team Kiwi
true,Hosea,Stehr,hoseastehr@fake.email,Team Dragonfruit
true,Jenifer,Yundt,jeniferyundt@fake.email,Team Guava
true,Jonas,Funk,jonasfunk@fake.email,Team Durian
true,Jude,Schamberger,judeschamberger@fake.email,Team Kiwi
true,Kailey,Welch,kaileywelch@fake.email,Team Dragonfruit
true,Kiley,Breitenberg,kileybreitenberg@fake.email,Team Guava
true,Lelah,Adams,lelahadams@fake.email,Team Durian
true,Madge,DuBuque,madgedubuque@fake.email,Team Kiwi
true,Makenzie,Runte,makenzierunte@fake.email,Team Dragonfruit
true,Marlen,Schiller,marlenschiller@fake.email,Team Guava
true,Maryam,Feest,maryamfeest@fake.email,Team Durian
true,Mikel,Frami,mikelframi@fake.email,Team Kiwi
true,Mikel,Kerluke,mikelkerluke@fake.email,Team Dragonfruit
true,Nicholaus,Upton,nicholausupton@fake.email,Team Guava
true,Nichole,Murphy,nicholemurphy@fake.email,Team Durian
true,Preston,Schumm,prestonschumm@fake.email,Team Kiwi
true,Rickie,Ziemann,rickieziemann@fake.email,Team Dragonfruit
true,Sim,Wolff,simwolff@fake.email,Team Guava
true,Timmothy,Rolfson,timmothyrolfson@fake.email,Team Durian
true,Valentine,Nikolaus,valentinenikolaus@fake.email,Team Kiwi
true,Vernice,Rosenbaum,vernicerosenbaum@fake.email,Team Dragonfruit
true,Violet,Ratke,violetratke@fake.email,Team Guava
true,Zella,Lakin,zellalakin@fake.email,Team Durian